{
  "residual_cnn": {
    "accuracy": 0.23979591836734693,
    "precision": 0.22155899973405696,
    "recall": 0.23979591836734693,
    "f1_score": 0.21981917482189958,
    "predictions": [
      "29",
      "24",
      "14",
      "30",
      "10",
      "10",
      "17",
      "12",
      "1",
      "14",
      "14",
      "12",
      "16",
      "15",
      "0",
      "10",
      "27",
      "0",
      "19",
      "11",
      "12",
      "23",
      "11",
      "26",
      "19",
      "17",
      "12",
      "10",
      "10",
      "22",
      "26",
      "19",
      "22",
      "19",
      "0",
      "10",
      "2",
      "26",
      "13",
      "12",
      "0",
      "16",
      "11",
      "12",
      "26",
      "10",
      "14",
      "16",
      "23",
      "10",
      "19",
      "11",
      "24",
      "19",
      "14",
      "24",
      "20",
      "17",
      "15",
      "12",
      "30",
      "20",
      "17",
      "23",
      "14",
      "28",
      "23",
      "28",
      "27",
      "19",
      "30",
      "26",
      "14",
      "10",
      "26",
      "19",
      "13",
      "30",
      "14",
      "19",
      "27",
      "0",
      "26",
      "12",
      "12",
      "24",
      "23",
      "30",
      "29",
      "14",
      "13",
      "13",
      "31",
      "12",
      "19",
      "23",
      "23",
      "14",
      "30",
      "19",
      "23",
      "21",
      "12",
      "29",
      "19",
      "17",
      "27",
      "16",
      "30",
      "14",
      "15",
      "26",
      "30",
      "24",
      "17",
      "26",
      "10",
      "13",
      "15",
      "15",
      "16",
      "30",
      "30",
      "30",
      "15",
      "27",
      "14",
      "10",
      "26",
      "19",
      "13",
      "10",
      "27",
      "0",
      "19",
      "14",
      "11",
      "24",
      "19",
      "31",
      "29",
      "14",
      "19",
      "0",
      "17",
      "22",
      "24",
      "29",
      "24",
      "14",
      "0",
      "30",
      "27",
      "23",
      "19",
      "10",
      "27",
      "15",
      "21",
      "19",
      "13",
      "23",
      "16",
      "28",
      "29",
      "14",
      "12",
      "22",
      "23",
      "14",
      "19",
      "14",
      "19",
      "27",
      "30",
      "1",
      "27",
      "2",
      "10",
      "27",
      "26",
      "12",
      "14",
      "30",
      "26",
      "19",
      "27",
      "31",
      "26",
      "11",
      "13",
      "26",
      "11",
      "10",
      "19",
      "19"
    ],
    "labels": [
      "31",
      "11",
      "14",
      "25",
      "15",
      "16",
      "17",
      "30",
      "1",
      "14",
      "14",
      "2",
      "13",
      "16",
      "26",
      "10",
      "28",
      "19",
      "14",
      "26",
      "12",
      "23",
      "27",
      "18",
      "23",
      "17",
      "15",
      "10",
      "24",
      "31",
      "20",
      "20",
      "22",
      "31",
      "25",
      "3",
      "29",
      "26",
      "12",
      "20",
      "14",
      "30",
      "25",
      "11",
      "26",
      "10",
      "14",
      "16",
      "2",
      "3",
      "14",
      "15",
      "15",
      "18",
      "17",
      "21",
      "12",
      "17",
      "1",
      "11",
      "13",
      "31",
      "17",
      "23",
      "14",
      "15",
      "26",
      "15",
      "27",
      "27",
      "30",
      "19",
      "0",
      "15",
      "19",
      "18",
      "12",
      "16",
      "17",
      "14",
      "2",
      "28",
      "23",
      "16",
      "16",
      "13",
      "19",
      "30",
      "18",
      "17",
      "10",
      "3",
      "20",
      "12",
      "20",
      "3",
      "3",
      "15",
      "13",
      "29",
      "23",
      "19",
      "18",
      "29",
      "22",
      "17",
      "28",
      "30",
      "11",
      "14",
      "10",
      "21",
      "16",
      "23",
      "17",
      "20",
      "21",
      "23",
      "15",
      "29",
      "0",
      "30",
      "16",
      "18",
      "13",
      "2",
      "17",
      "24",
      "22",
      "19",
      "10",
      "2",
      "21",
      "26",
      "1",
      "15",
      "0",
      "20",
      "12",
      "19",
      "27",
      "10",
      "28",
      "0",
      "17",
      "18",
      "25",
      "29",
      "20",
      "2",
      "0",
      "30",
      "11",
      "23",
      "25",
      "10",
      "16",
      "0",
      "19",
      "2",
      "13",
      "31",
      "30",
      "28",
      "15",
      "14",
      "18",
      "18",
      "11",
      "14",
      "30",
      "14",
      "22",
      "11",
      "30",
      "18",
      "14",
      "25",
      "10",
      "16",
      "19",
      "30",
      "2",
      "3",
      "26",
      "27",
      "29",
      "12",
      "31",
      "25",
      "1",
      "31",
      "0",
      "16",
      "2",
      "24"
    ],
    "model_name": "residual_cnn",
    "model_path": "checkpoints/residual_cnn_final.pth"
  },
  "efficientnet_b0": {
    "accuracy": 0.9744897959183674,
    "precision": 0.9783446712018141,
    "recall": 0.9744897959183674,
    "f1_score": 0.9745308379762161,